timestamp,weight,forecast,cash,shares,equity,peak_equity,cumulative_pnl,drawdown
2017-02-06,1.8103488311935423,2.7243157766171014e-05,-81205.97882729245,790.6489195936333,99828.90429206178,100000.0,-171.09570793822058,0.0017109570793822058
2017-02-07,1.8679668715481468,2.558842986228108e-05,-86963.37925353769,815.770975131963,99815.54321267657,100000.0,-184.45678732343367,0.0018445678732343367
2017-02-08,1.8487722735991512,2.612252411020972e-05,-85049.28924994996,807.4132748133977,100042.12986827335,100042.14854204968,42.1298682733468,1.8665908920326282e-07
2017-02-09,1.8075123171042593,2.7328729780356764e-05,-80925.47380082298,789.5109721460026,101112.07104688082,101112.08881521504,1112.0710468808247,1.7572907876002307e-07
2017-02-10,1.8208431775693867,2.6930033325592738e-05,-82274.67663933308,795.3337330016163,101837.1292132111,101837.14736544479,1837.1292132110975,1.782476646587496e-07
2017-02-13,1.8076521782767232,2.7324501001868543e-05,-80932.63018748604,789.5604316116046,102782.5279080316,102782.54550544596,2782.527908031596,1.7121014348742836e-07
2017-02-14,1.7690763441028998,2.8529149638226758e-05,-76971.47218617273,772.5952746132148,103591.53766509931,103591.55456527646,3591.537665099313,1.6314242231171756e-07
2017-02-15,1.721854999947465,3.0115413125013466e-05,-72084.37904805584,751.7696470783076,104498.79335416782,104498.80918131444,4498.793354167821,1.5145767444355297e-07
2017-02-16,1.72755181127277,2.9917122164952516e-05,-72680.26740591566,754.3056865665103,104385.44945870698,104498.80918131444,4385.4494587069785,0.0010847943961808655
2017-02-17,1.6570771124151429,3.251595692744753e-05,-65330.700488654365,723.0066178304636,104604.77496621778,104604.78924088256,4604.774966217781,1.3646282239807765e-07
2017-02-21,1.7637845757877524,2.8700594750523936e-05,-76503.37559197313,770.2156780288553,105606.41932116941,105606.43603704775,5606.419321169407,1.5828465547680515e-07
2017-02-22,1.809949168515263,2.725519045273288e-05,-81383.27776182942,790.8482792281126,105486.26213698128,105606.43603704775,5486.262136981284,0.0011379410628373947
2017-02-23,1.8663238236906599,2.563350405674414e-05,-87335.66799241869,815.999487372732,105599.25080199007,105606.43603704775,5599.250801990071,6.803785192751258e-05
2017-02-24,1.860039820837901,2.5806998312917403e-05,-86672.72793339375,813.1968265910075,105867.88469855911,105867.90354405942,5867.884698559108,1.7800957303594813e-07
2017-02-27,1.8293397781796537,2.6680454364811755e-05,-83425.66870905788,799.488325277649,106125.01833101994,106125.03629266356,6125.018331019935,1.692498231250681e-07
2017-02-28,1.88972299789658,2.5002629215027126e-05,-89839.91435922857,826.584182780164,105647.24486828022,106125.03629266356,5647.2448682802205,0.004502155580571202
2017-03-01,1.8681242245709901,2.558411939174367e-05,-87560.23987835554,817.0661912894246,108323.86247432417,108323.88253873901,8323.862474324167,1.8522614194022124e-07
2017-03-02,1.6816184148148983,3.157381560428309e-05,-67376.31778086173,732.2863772454407,107127.52591672678,108323.88253873901,7127.5259167267795,0.011044255375395972
2017-03-03,1.773313121465595,2.8392989519198793e-05,-77208.64595425299,773.4851654145016,107213.42203552662,108323.88253873901,7213.422035526615,0.010251298948920792
2017-03-06,1.8329107322763356,2.6576595658477862e-05,-83604.36812317172,800.3562924470202,106711.71437277125,108323.88253873901,6711.714372771254,0.01488285065291312
2017-03-07,1.7750363720605553,2.8337887002471252e-05,-77434.3509406179,774.2977599708463,106074.21817247268,108323.88253873901,6074.218172472683,0.0207679443677787
2017-03-08,1.8906774213366073,2.497739268127386e-05,-89712.49821797087,826.1449804391738,105745.14270413325,108323.88253873901,5745.14270413325,0.023805829094830918
2017-03-09,1.8145903992546257,2.711594596598362e-05,-81674.28810690828,792.1719491171635,105935.79460250957,108323.88253873901,5935.794602509573,0.022045811876946004
2017-03-10,1.773421550640645,2.8389517660729402e-05,-77317.1735061879,773.8211341260313,106589.15723020471,108323.88253873901,6589.157230204713,0.016014246054316974
2017-03-13,1.6635918266492404,3.226178713529481e-05,-65621.59473274877,724.592127738017,106686.4132433517,108323.88253873901,6686.413243351693,0.015116419916002561
2017-03-14,1.7791471144771878,2.8207088174639288e-05,-77961.44316066688,776.6229338056579,106051.5947752457,108323.88253873901,6051.5947752457,0.020976793946438265
2017-03-15,1.7029784713068314,3.078673701176869e-05,-69891.28736661193,742.8076035976752,107550.59298080073,108323.88253873901,7550.592980800735,0.0071386802228190945
2017-03-16,1.684245648839529,3.147538921980298e-05,-67878.48139490509,734.3597602308151,107258.97782254203,108323.88253873901,7258.9778225420305,0.009830747303727282
2017-03-17,1.7504001080306857,2.9141192141422464e-05,-74980.8644442566,764.286524169387,106232.0818655244,108323.88253873901,6232.081865524393,0.019310613912555643
2017-03-20,1.7729046098396977,2.840607561819153e-05,-77373.84253471959,774.3849447088726,105954.04927565891,108323.88253873901,5954.049275658908,0.021877292500410487
2017-03-21,1.687154856891574,3.136693502738778e-05,-68296.91148214584,735.5180147412088,103637.77964375913,108323.88253873901,3637.7796437591314,0.04326010834502746
2017-03-22,1.5391598396515425,3.768899277192275e-05,-52973.54371679471,670.0414939937309,103983.67625123674,108323.88253873901,3983.6762512367422,0.040066938017570726
2017-03-23,1.5148072695980752,3.891053624265519e-05,-50443.67920824681,659.2170528535869,103773.55813632131,108323.88253873901,3773.558136321313,0.042006659065145675
2017-03-24,1.5588520027079042,3.6742796445855835e-05,-55018.69065704487,678.7598896586647,103729.67233632362,108323.88253873901,3729.6723363236233,0.042411794100644384
2017-03-27,1.5368073576617456,3.780446662994517e-05,-52734.180691365706,668.969955772724,103520.4767282483,108323.88253873901,3520.4767282482935,0.044342998957528246
2017-03-28,1.5722123924994844,3.612098185991955e-05,-56402.804164136716,684.5490856077276,104644.2137159373,108323.88253873901,4644.213715937294,0.033969137152056794
2017-03-29,1.6047754255107505,3.466996848499977e-05,-59813.571929219965,699.0147545908744,104846.3436622064,108323.88253873901,4846.343662206404,0.03210315947906466
2017-03-30,1.6970769436639757,3.100122898100911e-05,-69500.21087253856,739.9742901242255,105332.9226756801,108323.88253873901,5332.922675680107,0.02761126902914756
2017-03-31,1.7388270966759516,2.9530389733724172e-05,-73902.05026226715,758.633767546613,104892.7560731186,108323.88253873901,4892.756073118595,0.031674699846484626
2017-04-03,1.7290944139229403,2.9863765164640482e-05,-72882.14502481879,754.2963926987196,104656.59692467884,108323.88253873901,4656.5969246788445,0.033854820637071084
2017-04-04,1.6705260352828204,3.199451124991501e-05,-66758.38670387845,728.2707167651641,104763.93250865302,108323.88253873901,4763.932508653015,0.03286394418897308
2017-04-05,1.7286761559238764,2.9878218154816054e-05,-72856.19700392881,754.2207734792961,104204.67177807073,108323.88253873901,4204.671778070726,0.038026801330677595
2017-04-06,1.5097666104334364,3.917079126139972e-05,-50066.368762346145,657.303590588877,104643.17735455783,108323.88253873901,4643.177354557833,0.03397870439941881
2017-04-07,1.59381585034189,3.514841085377918e-05,-58869.8744049598,694.7028316411204,104503.39051208248,108323.88253873901,4503.390512082478,0.03526915706045007
2017-04-10,1.583859963118792,3.559167406608343e-05,-57830.448055765,690.2809523841623,104585.75723070453,108323.88253873901,4585.757230704534,0.034508782554924025
2017-04-11,1.6098477192088703,3.445183702150668e-05,-60550.98076603013,701.8452171563519,104403.70062222723,108323.88253873901,4403.700622227232,0.036189451713105225
2017-04-12,1.5433090764708992,3.748660902162954e-05,-53610.678343227635,672.1755460173429,103773.04174170987,108323.88253873901,3773.041741709865,0.04201142620051182
2017-04-13,1.3995457528350346,4.5583511319485356e-05,-38706.02879491541,608.0254024647477,102696.3588022863,108323.88253873901,2696.358802286297,0.05195090505032615
2017-04-17,1.5492040394161983,3.720186701256465e-05,-54089.92748289305,673.5468293158991,103903.9522697374,108323.88253873901,3903.952269737405,0.04080291589826408
2017-04-18,1.6543261274331793,3.262418865010416e-05,-65022.86597011205,720.2525524656961,103415.39594951565,108323.88253873901,3415.395949515645,0.04531306000288516
2017-04-19,1.6034071624558568,3.472916477461549e-05,-59762.052069972866,697.6999595303698,103143.9114807732,108323.88253873901,3143.9114807731967,0.04781928912226111
2017-04-20,1.6785791009696769,3.16882571723517e-05,-67522.92354776172,730.6516287692461,104399.4047016419,108323.88253873901,4399.404701641906,0.03622910982436051
2017-04-21,1.7302248701099838,2.9824754455564874e-05,-72919.82429129971,753.6355051220595,103875.52885528424,108323.88253873901,3875.5288552842394,0.041065308768488254
2017-04-24,1.592439543499983,3.520919294526411e-05,-58620.84051137435,693.2858522711913,105798.83221326137,108323.88253873901,5798.832213261368,0.023310190387374894
2017-04-25,1.7342403979006789,2.968679955662441e-05,-73637.40091067238,756.1835749042465,106727.50537548849,108323.88253873901,6727.505375488487,0.014737074833701824
2017-04-26,1.7876657145516779,2.7938903359516737e-05,-79344.75989382018,780.0971412943517,106661.60247640504,108323.88253873901,6661.602476405038,0.015345462361354189
2017-04-27,1.6508513415036261,3.276167089773888e-05,-64765.725937835065,718.93689755971,106772.68971360152,108323.88253873901,6772.689713601518,0.014319952246751784
2017-04-28,1.7285699687869334,2.9881889142916097e-05,-73071.81270389658,753.7858261498646,106419.66821890921,108323.88253873901,6419.66821890921,0.017578896501875392
2017-05-01,1.7818930594714495,2.8120219401048665e-05,-78751.8205652884,777.5658438301773,106798.7167479068,108323.88253873901,6798.716747906801,0.01407968173857483
2017-05-02,1.817318950420131,2.7034582479242223e-05,-82538.85619054707,793.412047938782,106896.20437531652,108323.88253873901,6896.20437531652,0.013179717435921121
2017-05-03,1.8403670628704767,2.6361679349326804e-05,-85004.96164634985,803.7413944881591,106703.43576696586,108323.88253873901,6703.435766965864,0.01495927521978949
2017-05-04,1.842886279910333,2.6289656022747686e-05,-85274.04641077049,804.867343694808,106879.983222928,108323.88253873901,6879.983222928,0.013329464213901672
2017-05-05,1.7677929366382792,2.857058867083313e-05,-77255.67560920358,771.381131791142,107628.95405849736,108323.88253873901,7628.954058497358,0.006415284090220175
2017-05-08,1.869464211358812,2.5547456378498338e-05,-88208.81232448008,817.0387983992493,107610.87648786801,108323.88253873901,7610.876487868009,0.006582168531634882
2017-05-09,1.86523057622158,2.5663561440988276e-05,-87753.6803856613,815.1360871235754,107422.50431520761,108323.88253873901,7422.5043152076105,0.008321140291560787
2017-05-10,1.8874079504347845,2.5064002032456075e-05,-90138.30402540047,825.0683354230748,107762.58690917825,108323.88253873901,7762.5869091782515,0.005181642463378531
2017-05-11,1.905167470883521,2.459889858089939e-05,-92053.94808239184,833.0605606782426,107430.06732917161,108323.88253873901,7430.067329171608,0.008251321764134085
2017-05-12,1.8674113675288644,2.560365584846976e-05,-88001.6629147957,816.0928103102112,107085.32338986029,108323.88253873901,7085.323389860292,0.011433851149452492
2017-05-15,1.9267491153615917,2.4050917069180193e-05,-94361.89388332306,842.5433362688816,108042.03902554949,108323.88253873901,8042.039025549486,0.0026018594107234893
2017-05-16,1.9395346406800609,2.3734872115054395e-05,-95744.59819574878,848.2969046200008,107923.0056344672,108323.88253873901,7923.005634467205,0.0037007250375137037
2017-05-17,1.8518946486423526,2.6034510942818205e-05,-86295.18725395943,808.2070329360793,104384.4514610234,108323.88253873901,4384.451461023404,0.03636715178028058
2017-05-18,1.5764104280926514,3.592885516842637e-05,-57566.107707289484,686.7495686336289,105028.72016240848,108323.88253873901,5028.720162408485,0.03041953721656997
2017-05-19,1.4445232184014374,4.2789077515011445e-05,-43727.26432371201,628.6140717617633,106052.61055496335,108323.88253873901,6052.61055496335,0.020967416700222157
2017-05-22,1.7060112376825702,3.067737549290281e-05,-71484.97631314716,744.3934934117747,106812.15322884113,108323.88253873901,6812.153228841125,0.013955641862792877
2017-05-23,1.7633233867577762,2.8715609727937047e-05,-77612.41548388405,769.8971139962645,107185.98878863931,108323.88253873901,7185.988788639312,0.010504551013418137
2017-05-24,1.8056659907234254,2.7384646602176936e-05,-82155.2597182646,788.7636498872848,107589.72389862064,108323.88253873901,7589.723898620636,0.00677744023674394
2017-05-25,1.871676545879533,2.548709753438387e-05,-89264.05196251569,818.1425586472761,108513.73016487685,108513.7535612412,8513.730164876848,2.1560736392544096e-07
2017-05-26,1.8787005933604584,2.529687252368063e-05,-90027.00143614711,821.2956864882988,108504.80485866935,108513.7535612412,8504.804858669348,8.246606792386986e-05
2017-05-30,1.968061427343866,2.305179125720862e-05,-99732.27011923974,861.4400985835979,108331.35689165666,108513.7535612412,8331.356891656658,0.0016808622280456522
2017-05-31,1.9887359621408416,2.2574998134332992e-05,-101974.1142043497,870.717293545325,108234.45480336266,108513.7535612412,8234.454803362663,0.0025738558358956182
2017-06-01,1.816522936728012,2.705828117576581e-05,-83352.36770631603,794.1065951663885,109853.7668976663,109853.78909837264,9853.766897666297,2.0209322340477804e-07
2017-06-02,1.9154180474724432,2.4336315504734553e-05,-94226.6597268207,838.6056548986636,110510.52486013902,110510.54995718738,10510.52486013902,2.2710092720492675e-07
2017-06-05,1.9230682247448148,2.4143075547031995e-05,-95072.90887987167,842.0709379483947,110367.13785139816,110510.54995718738,10367.137851398162,0.0012977232114470324
2017-06-06,1.9893709709662164,2.2560588519098893e-05,-102397.4955505929,872.1537512357274,109753.90443749781,110510.54995718738,9753.904437497811,0.0068468170684400686
2017-06-07,1.9426586769139023,2.3658596255277475e-05,-97275.50988815838,851.1135185864063,110114.64029497636,110510.54995718738,10114.640294976358,0.003582550827630495
2017-06-08,1.9437026433446416,2.363318892510559e-05,-97390.60075926938,851.5851715958876,110166.2531137963,110510.54995718738,10166.253113796294,0.0031155110849097178
2017-06-09,1.8855358742579003,2.5113796910539218e-05,-90988.66585161547,825.2711359733794,109982.02139753067,110510.54995718738,9982.021397530669,0.004782607270178891
2017-06-12,1.683005235228686,3.152180249052664e-05,-68735.0047026313,733.7374229042748,109819.99716112396,110510.54995718738,9819.99716112396,0.006248749973020188
2017-06-13,1.764860236163682,2.866562010060207e-05,-77732.83644541657,770.5065490917137,110640.60467652559,110640.62554541386,10640.604676525589,1.8861867571217608e-07
2017-06-14,1.6983862055203003,3.095345058780845e-05,-70385.07868761012,740.3963102246473,110464.12404786223,110640.62554541386,10464.124047862235,0.0015952684349129689
2017-06-15,1.7200297030676264,3.0179364039802206e-05,-72778.18771296044,750.2040508827251,110098.8287095062,110640.62554541386,10098.828709506197,0.0048969068390279005
2017-06-16,1.709806691112232,3.054133050127938e-05,-71653.72917246721,745.56532007918,109250.240091545,110640.62554541386,9250.240091544998,0.012566681063260615
2017-06-19,1.8059920039361566,2.7374760677111333e-05,-82171.95024048224,788.5175723550602,110738.87383618324,110738.89607115342,10738.873836183237,2.007873562832466e-07
2017-06-20,1.9057595750558392,2.458361559552868e-05,-93230.56434039875,833.9721302206542,109474.0344533293,110738.89607115342,9474.034453329296,0.01142201758098984
2017-06-21,1.9086098075402722,2.451024627665672e-05,-93542.91066877033,835.2565068124086,109374.30509623622,110738.89607115342,9374.305096236218,0.012322598683306395
2017-06-22,1.8504801317041093,2.607432799480421e-05,-87191.04901560627,809.0740215344372,109276.3956336011,110738.89607115342,9276.395633601103,0.013206745682317512
2017-06-23,1.9565227084652133,2.332449187950718e-05,-98789.97640870702,856.7296827128913,109532.41323975961,110738.89607115342,9532.413239759611,0.01089484250067474
2017-06-26,1.9314440058653446,2.393413482226923e-05,-96045.66712507774,845.4375228153091,109615.46467497433,110738.89607115342,9615.464674974326,0.010144867215014031
2017-06-27,1.8864024108529474,2.5090729694717476e-05,-91113.10192549377,824.9823901683939,108012.89758945146,110738.89607115342,8012.897589451459,0.02461644985110212
2017-06-28,1.7998896585090582,2.7560698107663637e-05,-81777.46154055772,786.60192005256,109736.50793463907,110738.89607115342,9736.50793463907,0.009051816227879664
2017-06-29,1.810182076420645,2.7248177300828533e-05,-82908.00548439188,791.2808794121916,108099.28599691702,110738.89607115342,8099.285996917024,0.023836340869249368
2017-06-30,1.6097816357751535,3.44546656566062e-05,-61265.34925155426,701.6860055661053,108395.31003427436,110738.89607115342,8395.310034274356,0.021163169582015955
2017-07-03,1.757620236675511,2.8902265672379457e-05,-77305.52511260708,767.8176124480284,108752.03873579914,110738.89607115342,8752.038735799142,0.017941819955272557
2017-07-05,1.8358607911347968,2.6491252010397082e-05,-85822.4092523672,802.870837335837,109066.45780253389,110738.89607115342,9066.457802533885,0.01510253694009135
2017-07-06,1.7703384068813248,2.8488487645415604e-05,-78682.88960097647,773.1663965789049,107325.48208797649,110738.89607115342,7325.482087976488,0.030823984203198995
2017-07-07,1.7582432092464602,2.8881788267573296e-05,-77386.0145961469,767.8044679663019,108499.44709849478,110738.89607115342,8499.447098494784,0.020222785779079034
2017-07-10,1.885456413233745,2.5115913756157842e-05,-91201.6451855207,824.7574792980471,108678.32992236101,110738.89607115342,8678.329922361008,0.018607429023569332
2017-07-11,1.9537191208405347,2.3391481217987804e-05,-98627.35989543631,855.3903848174308,108531.08349964909,110738.89607115342,8531.083499649088,0.0199371011436283
2017-07-12,1.8437859550752762,2.6264006212343978e-05,-86707.49299195656,806.4801380639257,110025.27188735746,110738.89607115342,10025.271887357463,0.006444205325447944
2017-07-13,1.9279081468066666,2.402200761107066e-05,-95971.83279419609,844.3476080623163,110403.60956839527,110738.89607115342,10403.609568395274,0.0030277211951138666
2017-07-14,2.0102822151307764,2.2093672717937406e-05,-105074.85012993365,881.3904758795757,111315.32560326095,111315.35425840162,11315.32560326095,2.5742307398794743e-07
2017-07-17,2.017935087001387,2.1926413190446372e-05,-105927.56630703255,884.8601806860153,111323.30525499793,111323.33447960153,11323.305254997933,2.625200164329729e-07
2017-07-18,2.0280373727579333,2.1708512675172073e-05,-107053.27844901051,889.4379525522618,111454.67652311787,111454.70605829683,11454.676523117872,2.6499714546119586e-07
2017-07-19,2.0047499321623103,2.221577981706094e-05,-104460.2662949906,878.928177047579,112599.83630867953,112599.86557131617,12599.836308679529,2.598816303571561e-07
2017-07-20,2.0997669964350436,2.0250687258968828e-05,-115169.3153953333,922.2365719781208,112660.00734614166,112660.04009678327,12660.007346141661,2.9070326602800536e-07
2017-07-21,2.015485012656434,2.197975419234484e-05,-105683.10962110106,883.7679542588584,112457.33452861296,112660.04009678327,12457.334528612962,0.0017992676728693414
2017-07-24,2.026289525403065,2.1745979710942075e-05,-106899.33516995574,888.6913575749024,112420.80496595442,112660.04009678327,12420.80496595442,0.0021235136311271354
2017-07-25,2.0895384993217907,2.0449430729984757e-05,-114016.58793929945,917.4357508368737,112929.49374521799,112929.52653031754,12929.493745217987,2.9031468173126403e-07
2017-07-26,2.079341476998255,2.0650489189772732e-05,-112866.16343677987,912.7815411177501,112974.24546657383,112974.27732314239,12974.245466573833,2.819807244102639e-07
2017-07-27,2.060116148972769,2.10377148517648e-05,-110696.28002754177,903.9963048773438,112798.00323024005,112974.27732314239,12798.00323024005,0.0015603029032718843
2017-07-28,1.8410985829335993,2.6340735043069446e-05,-86014.90571120061,803.932535094989,112467.99787840122,112974.27732314239,12467.99787840122,0.004481369181880687
2017-07-31,1.9938519839488538,2.245929645685173e-05,-103211.03834401352,873.5458467417421,112371.341173381,112974.27732314239,12371.341173381006,0.005336933008536067
2017-08-01,2.0083340466696127,2.213655709050663e-05,-104839.97405410482,880.1263918727115,112815.28265601673,112974.27732314239,12815.28265601673,0.001407352814224133
2017-08-02,2.0198777448070926,2.188425713986401e-05,-106143.53969784426,885.3899338995303,112919.63774757752,112974.27732314239,12919.637747577523,0.00048364616140525023
2017-08-03,1.9566117151156162,2.3322369856359828e-05,-99006.34102180424,856.4646073366953,112523.28769821276,112974.27732314239,12523.287698212764,0.003991967336419909
2017-08-04,2.0388442359920194,2.1478991288476434e-05,-108268.18876621392,893.8673867729086,112865.66404753592,112974.27732314239,12865.664047535916,0.0009613982773778467
2017-08-07,2.065786980353794,2.092237131778738e-05,-111312.00328051107,906.1370395071511,113265.00059094129,113265.03071094045,13265.000590941287,2.65924963576917e-07
2017-08-08,2.1636220745206396,1.9073007076057553e-05,-122403.80074058128,950.951582309038,112737.99701697456,113265.03071094045,12737.997016974565,0.004653101585350837
2017-08-09,1.8583127647390427,2.5854988991020565e-05,-88016.39173716222,811.7516791448361,112705.4459649814,113265.03071094045,12705.445964981394,0.004940489950399205
2017-08-10,1.8681132412153525,2.5584420230367164e-05,-89122.0270240937,816.2830523195535,109855.04818101542,113265.03071094045,9855.048181015416,0.030106225271130053
2017-08-11,1.7327588807762866,2.9737585969664175e-05,-74266.73895620338,755.370513760936,110126.7571579787,113265.03071094045,10126.757157978704,0.02770734738924693
2017-08-14,1.7961913081136227,2.7674309674648483e-05,-81258.96986455709,783.7096923464125,111925.46929883357,113265.03071094045,11925.469298833574,0.011826787170751094
2017-08-15,1.92428228658526,2.411262061796236e-05,-95609.18694420556,841.8634378475068,111935.4063883403,113265.03071094045,11935.4063883403,0.01173905409511113
2017-08-16,1.9172516503254904,2.428978869704172e-05,-94822.97916890624,838.676779575293,112296.63831500812,113265.03071094045,12296.638315008124,0.008549791492166087
2017-08-17,1.8859827010791521,2.5101898404008646e-05,-91314.92407116348,824.234902944519,109089.55023076686,113265.03071094045,9089.550230766865,0.03686469207631859
2017-08-18,1.7280487380095404,2.9899918390541715e-05,-74102.28047815169,753.2491792519374,108718.82781808605,113265.03071094045,8718.82781808605,0.04013774475951541
2017-08-21,1.7396019066330288,2.950409021715285e-05,-75359.53462457945,758.4197990046558,108875.80294963153,113265.03071094045,8875.802949631528,0.038751834822792854
2017-08-22,1.849077370988948,2.6113904399072836e-05,-87290.05081580719,806.9943734811188,110730.22854898975,113265.03071094045,10730.228548989748,0.02237938881965857
2017-08-23,1.9016614315332439,2.4689686781604938e-05,-93118.22325686965,830.8020857288085,110070.79360919935,113265.03071094045,10070.793609199347,0.028201441183492916
2017-08-24,1.9042391146556494,2.462288937823693e-05,-93402.24428021727,831.9646894574496,109634.57835842599,113265.03071094045,9634.578358425992,0.03205272032971594
2017-08-25,1.799114901192861,2.758444028232985e-05,-81887.90906705172,784.8305130373042,110018.84798082992,113265.03071094045,10018.847980829916,0.02866006135993554
2017-08-28,1.944851335748963,2.360528011060554e-05,-97936.84168912779,850.3814314293562,110066.45643849275,113265.03071094045,10066.45643849275,0.02823973341437276
2017-08-29,1.6895010557820107,3.127987740904112e-05,-69857.91989752243,735.5993726971946,110260.72182130083,113265.03071094045,10260.721821300831,0.02652459343172571
2017-08-30,1.846377650832292,2.6190326225071413e-05,-87171.61615855903,805.9108503083157,111090.51212578973,113265.03071094045,11090.512125789726,0.019198499055725647
2017-08-31,1.9461111081066,2.357472928093721e-05,-98261.55355928517,850.7142828962831,112111.58145813666,113265.03071094045,12111.581458136658,0.010183630777865334
2017-09-01,1.9553946060103025,2.3351412283728425e-05,-99303.35160561328,854.914224914149,112552.942470362,113265.03071094045,12552.942470362002,0.006286920474120074
2017-09-05,2.005639598465245,2.2196075133237155e-05,-104963.94604895751,877.8907891087003,111111.31387436691,113265.03071094045,11111.313874366911,0.019014843531627725
2017-09-06,1.7219531038641231,3.0111981723993487e-05,-73472.97431233448,750.2194409635988,111748.70346716842,113265.03071094045,11748.703467168423,0.013387426236097469
2017-09-07,1.9455909661812905,2.3587336087201244e-05,-98487.85915856277,851.4496618893559,111714.03155527053,113265.03071094045,11714.031555270529,0.013693539355744957
2017-09-08,1.9194278849845148,2.423474071725777e-05,-95567.86397283549,839.5944526803038,111425.75239096659,113265.03071094045,11425.75239096659,0.016238712941047246
2017-09-11,1.9731897645176883,2.2932123360906593e-05,-101564.01063784916,863.6389974219605,113603.00917985808,113603.03698524168,13603.009179858083,2.447591572509734e-07
2017-09-12,1.9901418888817592,2.2543113389966915e-05,-103491.67098390457,871.3394746091717,114421.61822110318,114421.64633474789,14421.618221103185,2.4570215166133157e-07
2017-09-13,2.110660746575051,2.004218703362519e-05,-117294.69720973937,926.4618422928479,114478.26187666236,114478.29386429826,14478.261876662364,2.794209698556812e-07
2017-09-14,2.1492046874020425,1.932975810054856e-05,-121711.34364161719,944.10596957912,114390.67723072917,114478.29386429826,14390.677230729169,0.000765355864518336
2017-09-15,2.1026412424506056,2.0195360964158468e-05,-116389.98497442904,922.7344492878603,113583.12182158438,114478.29386429826,13583.121821584384,0.00781957882579041
2017-09-18,2.1539120311073976,1.9245360610625487e-05,-122219.01787240966,946.055486626746,114020.49769315508,114478.29386429826,14020.497693155077,0.003998977934505677
2017-09-19,2.176061412585498,1.8855570700252547e-05,-124746.92197399023,956.1590371937509,114254.59096295976,114478.29386429826,14254.590962959759,0.0019541075760936776
2017-09-20,2.2014903643010104,1.842249296945524e-05,-127655.07684277622,967.7772819926981,114356.9880651378,114478.29386429826,14356.988065137804,0.0010596401733961312
2017-09-21,2.1453549060001813,1.9399193802017683e-05,-121241.694382294,942.0375789656774,113702.47781174595,114478.29386429826,13702.47781174595,0.006776970780783642
2017-09-22,2.1653870164064704,1.904192807717676e-05,-123521.58095313946,951.1684692803437,113747.39370884228,114478.29386429826,13747.393708842283,0.006384617823902789
2017-09-25,2.20231177463186,1.8408753221795124e-05,-127725.68002210897,968.03835324816,113286.82878608543,114478.29386429826,13286.828786085433,0.01040778158019357
2017-09-26,2.051576721888697,2.121321296038744e-05,-110665.55142421847,899.4781247494398,113367.46510712449,114478.29386429826,13367.465107124488,0.009703400703110958
2017-09-27,2.1736281579528987,1.8897809833801468e-05,-124515.32334183829,954.8159183795901,114226.84888979443,114478.29386429826,14226.848889794433,0.0021964423648896288
2017-09-28,2.148302528887425,1.934599619288972e-05,-121625.2237231984,943.259705363568,114500.97832046356,114501.01174699444,14500.97832046356,2.919321879123475e-07
2017-09-29,2.1986632332881246,1.8469900217201414e-05,-127397.0578594801,966.2185758954511,115278.39966242139,115278.43467523828,15278.39966242139,3.0372390978855714e-07
2017-10-02,2.214989935516686,1.8198620259239214e-05,-129280.98740899403,973.6790012350477,116358.7510225838,116358.78586770537,16358.751022583805,2.994627462705588e-07
2017-10-03,2.2512701686220296,1.7616788651713893e-05,-133506.53619223734,990.3747600285853,116909.72188099046,116909.75871442046,16909.72188099046,3.1505864356532876e-07
2017-10-04,2.2948998127026736,1.6953310504457207e-05,-138612.12432585415,1010.5230044401618,117211.87947821722,117211.91786716963,17211.87947821722,3.27517483782275e-07
2017-10-05,2.2828799733323,1.7132305925334813e-05,-137204.62559615652,1004.9906555686164,118726.29475094733,118726.33260465183,18726.29475094733,3.1883158245571386e-07
2017-10-06,2.321542984463966,1.656641432519219e-05,-141799.31862175144,1023.03222321228,118490.76993014896,118726.33260465183,18490.769930148963,0.0019840811160846184
2017-10-09,2.3046757147766557,1.6809791483718844e-05,-139802.63011226105,1015.1627029245094,118017.42941931426,118726.33260465183,18017.429419314256,0.005970901061166969
2017-10-10,2.330866066787023,1.6434153480767624e-05,-142896.508625163,1027.3044243365002,118624.37867817987,118726.33260465183,18624.37867817987,0.0008587305295739385
2017-10-11,2.2858623895447168,1.7087629277828086e-05,-137563.0586779877,1006.3673576995016,119040.4901882312,119040.5285782355,19040.490188231197,3.2249524399300445e-07
2017-10-12,2.3681057910896093,1.5921345896033288e-05,-147362.64630987818,1044.8194799046448,118658.84146864343,119040.5285782355,18658.841468643426,0.003206362691352032
2017-10-13,2.362538083607894,1.599647683336672e-05,-146702.6536971406,1042.2274455378188,118940.27762153864,119040.5285782355,18940.27762153864,0.000842158195147621
2017-10-16,2.384250324224562,1.5706458697329308e-05,-149287.59571049834,1052.3428389053554,119375.5310620389,119375.57272403376,19375.531062038906,3.489993296049339e-07
2017-10-17,2.414541585915288,1.5314844725322893e-05,-152907.0908249127,1066.49949807174,119508.87596755184,119508.91847759552,19508.875967551838,3.557060362162824e-07
2017-10-18,2.4436429501596684,1.4952247518447343e-05,-156388.29222114803,1080.1014040124032,119782.83577078336,119782.87924864367,19782.835770783364,3.629722426210373e-07
2017-10-19,2.438285275324689,1.5018029232860326e-05,-155747.1846617852,1077.592767112313,119921.73494667298,119921.77841135854,19921.73494667298,3.6244196953381166e-07
2017-10-20,2.272634218528223,1.7287129859954386e-05,-135900.83318335048,1000.3174641723275,121250.77733142974,121250.81540156723,21250.777331429737,3.1397840393916434e-07
2017-10-23,2.372219334237398,1.586617700146313e-05,-147987.05767613492,1047.455083981735,120329.03663662635,121250.81540156723,20329.036636626348,0.0076022479674719865
2017-10-24,1.8976059846633095,2.4795330110288584e-05,-90931.28484602932,824.8483128683753,120683.54982035236,121250.81540156723,20683.54982035236,0.0046784475579497095
2017-10-25,2.2408821978264104,1.7780498154547807e-05,-132398.26331210023,987.1066239031982,119629.79990286432,121250.81540156723,19629.799902864324,0.013369110082553363
2017-10-26,2.001924777340218,2.2278526733805735e-05,-103838.87817743466,875.2136052791657,119760.69369928657,121250.81540156723,19760.693699286567,0.012289580877007497
2017-10-27,2.0518995663370276,2.120653814123606e-05,-109829.5800650846,898.4392912218735,121688.7916702344,121688.82232060007,21688.791670234394,2.518749470262109e-07
2017-10-30,2.101989587931135,2.0207884754285783e-05,-115930.76701385656,922.1752499544392,120883.83717444344,121688.82232060007,20883.83717444344,0.006615111649579642
2017-10-31,2.1796068337023584,1.879427839145999e-05,-125322.3397750683,958.6666566895719,121170.03099295445,121688.82232060007,21170.030992954446,0.004263261964018533
2017-11-01,2.265083987179278,1.74025687271438e-05,-135689.43574763523,998.8890618778744,121524.49768591742,121688.82232060007,21524.49768591742,0.0013503675321117096
2017-11-02,2.2051752010657615,1.836097662141409e-05,-128415.96736177841,970.628891318841,121637.44761978144,121688.82232060007,21637.447619781437,0.00042218093526520954
2017-11-03,2.0857965043655367,2.0522870596068687e-05,-113908.80241846183,914.4442522521304,122429.31457610126,122429.34733020743,22429.314576101257,2.6753476094479444e-07
2017-11-06,2.309026657356772,1.6746501153807443e-05,-141264.58458097026,1020.0426241212048,122732.64696783872,122732.68773759285,22732.646967838722,3.3218333986413464e-07
2017-11-07,2.2182614192494814,1.8144981326042712e-05,-130135.29179222476,976.9817121553218,122609.87714235699,122732.68773759285,22609.877142356985,0.0010006347738300478
2017-11-08,2.2309522742578762,1.793913168514653e-05,-131692.82497341995,982.9869769980942,123008.93063655624,123008.9692014968,23008.930636556237,3.135132406653518e-07
2017-11-09,2.24936605344167,1.764662691882438e-05,-133960.06411147912,991.7597887573673,122103.1891556166,123008.9692014968,22103.189155616594,0.007363528462680482
2017-11-10,1.9899273479191089,2.254797455433911e-05,-102311.73672495046,869.023278355548,121983.17141861649,123008.9692014968,21983.17141861649,0.008339211274911083
2017-11-13,2.233479559676942,1.7898556740000507e-05,-132049.1219915043,984.0239410335652,122163.62293510689,123008.9692014968,22163.62293510689,0.00687223274755826
2017-11-14,2.447166770808101,1.4909217264737247e-05,-158178.6417410909,1085.3034905454235,121558.33294699204,123008.9692014968,21558.332946992043,0.01179293074254221
2017-11-15,2.0611690362113246,2.1016227352502642e-05,-111301.77400427441,902.3176035674202,120070.50590248349,123008.9692014968,20070.50590248349,0.02388820358456881
2017-11-16,1.9150408670008747,2.4345902858266395e-05,-93772.6993285308,834.4531214613537,121966.8106940876,123008.9692014968,21966.810694087602,0.008472215596751124
2017-11-17,1.0884022579352925,7.53707972594211e-05,6954.498018216786,443.47132930125076,121312.44970513033,123008.9692014968,21312.449705130333,0.01379183572855942
2017-11-20,2.0380585584830735,2.1495554907896275e-05,-108359.53556364244,889.5187669555903,121385.37156564741,123008.9692014968,21385.37156564741,0.013199018302395768
2017-11-21,2.140281580836546,1.9491270531080404e-05,-120779.67729693162,937.2561560639646,122841.31534877469,123008.9692014968,22841.31534877469,0.001362940066975805
2017-11-22,2.2337284204099968,1.7894568788927038e-05,-132269.69733931488,981.4423552571153,122699.21213293113,123008.9692014968,22699.212132931134,0.0025181665253878015
2017-11-24,2.654730960466759,1.2668959500534374e-05,-183975.2479161375,1179.8395591244098,123219.57809308509,123219.6331364077,23219.57809308509,4.467090285467919e-07
2017-11-27,2.5582290772386123,1.3642787529484236e-05,-172095.61462519006,1134.1456678107243,123043.11250919473,123219.6331364077,23043.112509194732,0.0014325690047912994
2017-11-28,2.409978881756204,1.5372889427571044e-05,-153871.7332437661,1064.7427629587207,125974.60714467443,125974.65334412182,25974.60714467443,3.667360549257506e-07
2017-11-29,2.2374333585052404,1.783535506699709e-05,-132155.95913223687,982.0100925133495,125847.55247379545,125974.65334412182,25847.552473795455,0.0010089400284291066
2017-11-30,2.195017338322907,1.8531307696671517e-05,-126823.08884726647,961.8569897624689,127943.97203111865,127944.0097068263,27943.972031118654,2.944702743879724e-07
2017-12-01,1.9066883603378015,2.4559671106601497e-05,-89968.02188643058,822.3653664731723,127514.72293106456,127944.0097068263,27514.722931064563,0.0033552706120858035
2017-12-04,1.35095003811142,4.892190968324027e-05,-19170.176694240774,554.0498230220659,127159.92206411707,127944.0097068263,27159.92206411707,0.006128365403787996
2017-12-05,2.005316969281274,2.220321782217954e-05,-102458.08816514653,870.1943821743992,126577.07322315531,127944.0097068263,26577.073223155312,0.010683864659261615
2017-12-06,2.005023279408906,2.2209722821750845e-05,-102420.97964201846,870.0531581327639,126603.11317326898,127944.0097068263,26603.113173268983,0.010480338521747718
2017-12-07,2.0594414886795547,2.105150076000149e-05,-109317.03764682192,896.1458513117466,127301.31293353166,127944.0097068263,27301.312933531663,0.00502326583923175
2017-12-08,1.720365857327219,3.0167571280038772e-05,-66193.0750366407,733.5544204886394,128550.95251468329,128550.97224888369,28550.95251468329,1.5351264988920762e-07
2017-12-11,1.859446105898881,2.5823481120902907e-05,-84088.89453970084,800.682521524406,129164.88824310944,129164.91375728729,29164.88824310944,1.9753179950257258e-07
2017-12-12,2.1079003936519793,2.009471298176801e-05,-116210.82676825528,920.965768567698,129502.84028560655,129502.87566906665,29502.84028560655,2.732252848792602e-07
2017-12-13,2.2008573799362785,1.8433091408986894e-05,-128260.43511929933,966.096584149189,129436.16773665533,129502.87566906665,29436.167736655334,0.0005151077307486284
2017-12-14,2.0724768264005573,2.078751669601138e-05,-111659.08516623716,903.5534441681048,128406.0294147866,129502.87566906665,28406.029414786593,0.008469667168495553
2017-12-15,2.1118764909356575,2.0019118295917993e-05,-116723.05571958958,922.5350015283524,129160.19823776215,129502.87566906665,29160.198237762146,0.0026460990115785917
2017-12-18,1.7754653174633666,2.8324196013538397e-05,-73313.2056291401,760.543673731017,130687.42397573059,130687.44660786734,30687.42397573059,1.731775877425305e-07
2017-12-19,2.341036986235358,1.629166333685344e-05,-147296.20329368673,1037.11282046803,129872.19797639427,130687.44660786734,29872.197976394265,0.006238155634942216
2017-12-20,2.243430579503675,1.7740126269842472e-05,-134631.865435222,989.6535970355266,129704.61033296719,130687.44660786734,29704.61033296719,0.007520510197503446
2017-12-21,2.1459287418799287,1.938882023756079e-05,-121997.41573757952,942.3842621482714,130128.06975756903,130687.44660786734,30128.06975756903,0.004280264591722771
2017-12-22,2.301444825518854,1.685702155080388e-05,-142253.59065258026,1018.0394559132347,130061.7834096509,130687.44660786734,30061.783409650903,0.004787477408551459
2017-12-26,2.3196006279823718,1.6594170270933543e-05,-144617.24421960206,1026.8785951520085,129713.372475257,130687.44660786734,29713.372475256998,0.007453463648525414
2017-12-27,2.4042534576535286,1.5446193771758947e-05,-155608.2739401095,1067.9506132040724,129908.32249999928,130687.44660786734,29908.32249999928,0.005961736403082792
2017-12-28,2.3876612735521787,1.566161509394429e-05,-153454.8955836753,1059.9036379064635,130450.89286595001,130687.44660786734,30450.89286595001,0.0018100724136658876
2017-12-29,2.4213917996432905,1.5228314687209691e-05,-157859.2798953394,1076.3874067137751,129471.57445283572,130687.44660786734,29471.574452835717,0.009303664480337554
2018-01-02,2.1381804784774876,1.9529595898279196e-05,-121226.15351852436,939.9591756827664,131406.67412973277,131406.71232132873,31406.674129732768,2.9063656859010944e-07
2018-01-03,2.264034413076236,1.741870763308973e-05,-137779.87191476522,1001.1047628893417,132988.93330391508,132988.9762740052,32988.93330391508,3.231101653601976e-07
2018-01-04,1.8463118771231564,2.6192192286384815e-05,-82279.9201907819,796.544338419016,134037.62579367025,134037.65145471593,34037.625793670246,1.9144654809234685e-07
2018-01-05,2.312376743603854,1.6698012875294877e-05,-144809.22758165645,1025.0382234552876,135436.22271101913,135436.26756735743,35436.22271101913,3.3119886646150295e-07
2018-01-08,2.252054839130777,1.760451455778486e-05,-136647.22032081964,995.2117443615398,135951.22857724974,135951.2717714917,35951.22857724974,3.177185575717627e-07
2018-01-09,2.2638632449528995,1.7421341749985358e-05,-138254.1482281215,1001.0594377977992,136566.6992305083,136566.74278667517,36566.6992305083,3.189368508189606e-07
2018-01-10,2.2544052985295044,1.7567824503992007e-05,-136963.77116414867,996.34679723832,136114.9590229301,136566.74278667517,36114.959022930096,0.0033081536143157735
2018-01-11,2.1555678236168485,1.921580544229861e-05,-123523.26443090172,947.6189952619136,138104.86397095997,138104.90275576804,38104.86397095997,2.808358522968945e-07
2018-01-12,1.6939176233084925,3.111697740800519e-05,-59827.39465074605,718.2308607157815,139797.69077659826,139797.70956167515,39797.69077659826,1.3437328082234307e-07
2018-01-16,2.026221620823281,2.174743727742201e-05,-106326.660037303,885.9033197080571,139121.7137210113,139797.70956167515,39121.7137210113,0.004835528727783735
2018-01-17,1.8405665620474472,2.63559649693927e-05,-80522.44354175364,793.5294777930002,141356.33374394715,141356.35911207556,41356.33374394715,1.7946223691522583e-07
2018-01-18,1.9180999757885078,2.4268307971496868e-05,-91492.66861967044,832.7867279867422,141004.73009966826,141356.35911207556,41004.73009966826,0.0024875358605445297
2018-01-19,1.8799935017065008,2.52620901788249e-05,-86124.58032720901,813.6234443711232,142007.29724001023,142007.32437305932,42007.29724001023,1.9106795521925683e-07
2018-01-22,2.072360938229854,2.0789841671932644e-05,-113468.0109251699,910.2646858812609,143836.50783288613,143836.54358032433,43836.50783288613,2.4852820648864216e-07
2018-01-23,2.131425449672541,1.965358055989429e-05,-121971.71078766533,940.2591536922044,144347.29190411465,144347.3303305941,44347.29190411465,2.662084525782834e-07
2018-01-24,2.021639323724125,2.1846135552421105e-05,-106139.3898716705,884.2852558068628,144219.45175236848,144347.3303305941,44219.45175236848,0.0008859088556244174
2018-01-25,1.7886897399496666,2.7906922456026725e-05,-72575.29941375916,765.6976763578872,144346.85229843028,144347.3303305941,44346.85229843028,3.311679978529309e-06
2018-01-26,1.8476257423625952,2.6154954468701294e-05,-81090.59046822303,795.3850941250527,146834.96210425207,146834.9873943756,46834.962104252074,1.7223499647482655e-07
2018-01-29,2.116737265536032,1.9927281962608607e-05,-120642.95043946349,934.2095049843456,145270.44305928063,146834.9873943756,45270.44305928063,0.010655119483838411
2018-01-30,1.9248399649851795,2.4098650480251723e-05,-92792.31757079212,835.2250009439299,142432.09944504686,146834.9873943756,42432.09944504686,0.02998527821917055
2018-01-31,1.524435803089276,3.842056057127839e-05,-35815.81725775207,632.9249569392193,142612.05735298328,146834.9873943756,42612.057352983276,0.028759699008589892
2018-02-01,1.527183293856012,3.828244331781857e-05,-36208.02440355242,634.3159868696458,142466.1027778894,146834.9873943756,42466.102777889406,0.029753703078627094
2018-02-02,1.551781783616051,3.7078373814869677e-05,-39715.799760055015,647.0358553692814,138549.04875273572,146834.9873943756,38549.04875273572,0.05643027447801094
2018-02-05,1.1011696757752976,7.363316883526213e-05,22657.081036819513,410.6499597280654,131113.84190059887,146834.9873943756,31113.84190059887,0.10706675413504974
2018-02-06,0.3390126696797833,0.0007768731631922424,122491.98128390423,39.24829020958987,133052.1262476965,146834.9873943756,33052.12624769649,0.09386632839529266
2018-02-07,0.18955547182563814,0.0024849023466822313,142358.7881250157,-35.04318047265569,132978.78000789997,146834.9873943756,32978.78000789997,0.09436584313015298
2018-02-08,0.0,-0.0001329139318730593,167541.82394439468,-132.83134584176466,133301.887926763,146834.9873943756,33301.88792676301,0.09216535995787455
2018-02-09,0.36824528199325784,0.0006584269440534306,118407.64531528192,54.71274871705131,132728.16016448292,146834.9873943756,32728.16016448292,0.0960726559808527
2018-02-12,0.31825977542605877,0.0008814921992044302,125035.86167943511,29.707154259211677,132917.76384748914,146834.9873943756,32917.76384748914,0.09478138551207145
2018-02-13,0.5413368007676315,0.00030468205304950524,95356.94313799957,141.1557517940792,132911.43090281435,146834.9873943756,32911.43090281435,0.0948245151829161
2018-02-14,0.7409628118903236,0.00016262569058933128,68799.29166545729,239.5448154041884,133397.3420355048,146834.9873943756,33397.342035504786,0.0915152825448844
2018-02-15,0.4234647019564393,0.0004979062141007469,111112.67263120804,84.36435167181503,134138.23513299652,146834.9873943756,34138.23513299652,0.08646952941316105
2018-02-16,0.7060455063306779,0.00017910866249356652,73171.96308262926,223.12877684835223,134121.81976652515,146834.9873943756,34121.81976652515,0.08658132406621112
2018-02-20,0.9223654419356774,0.00010494842645740122,44131.322938438985,330.01509947994697,133710.6215412758,146834.9873943756,33710.62154127579,0.08938173446257631
2018-02-21,1.0831461761550845,7.610406166130752e-05,22612.91568119445,409.6465100231169,133205.18399213534,146834.9873943756,33205.18399213534,0.09282394914253488
2018-02-22,0.8729482511709616,0.0001171669105980629,50585.910184621134,306.0445960429676,133297.52271119357,146834.9873943756,33297.52271119357,0.09219508867340008
2018-02-23,0.9096181279983198,0.0001079105145721276,45693.28797687551,323.8418060892499,134636.44001928798,146834.9873943756,34636.440019287984,0.08307657181407489
2018-02-26,1.2859809675922438,5.3989946249151105e-05,-5026.751786406312,506.1747659628646,135644.27742233343,146834.9873943756,35644.27742233343,0.0762128302703885
2018-02-27,1.4858262850220427,4.0443236531722965e-05,-32160.25328447484,604.9715940079187,133831.8526794179,146834.9873943756,33831.852679417905,0.08855610604598846
2018-02-28,0.959697916018759,9.694220056011182e-05,38185.94167472206,345.5385061669774,131968.5476335014,146834.9873943756,31968.54763350141,0.10124589530521964
2018-03-01,0.9962894507885471,8.995201859386425e-05,33352.44710609868,363.5757529145111,130688.94767637161,146834.9873943756,30688.94767637161,0.10996043929665268
2018-03-02,0.6464785391067666,0.00021363566290839265,79025.66631044602,193.67676401379728,131140.2099712786,146834.9873943756,31140.209971278586,0.10688717792404155
2018-03-05,0.743480966483424,0.00016152593649747536,66292.72778840747,240.42422356803274,131716.96750574053,146834.9873943756,31716.967505740526,0.10295924804372726
2018-03-06,0.9041639196037338,0.000109216343378009,45108.056741091095,317.9987986326307,131867.66897203174,146834.9873943756,31867.668972031737,0.10193291590746023
2018-03-07,0.8830004971616482,0.00011451439451304607,47896.19158369349,307.7698238684618,131865.03262972593,146834.9873943756,31865.03262972593,0.10195087036336063
2018-03-08,0.849076106463416,0.00012384792592216808,52365.40603543538,291.44518464514334,132230.129983744,146834.9873943756,32230.129983744002,0.09946442377119062
2018-03-09,1.0997221882839487,7.382713279436381e-05,19191.122309825714,410.3394448655666,133577.34596055106,146834.9873943756,33577.34596055106,0.0902893899409452
2018-03-12,1.0321208234298247,8.38148354923777e-05,28212.60049350006,377.9203635827176,133478.5385658302,146834.9873943756,33478.53856583021,0.09096230445862391
2018-03-13,1.2661561619775932,5.5693874458180566e-05,-3055.6160914761203,490.8095474585323,132761.20188124894,146834.9873943756,32761.20188124894,0.09584762979770416
2018-03-14,1.0926547713995038,7.478526625694684e-05,19956.87024391251,407.124704075371,132017.94504065838,146834.9873943756,32017.94504065838,0.10090948088496779
2018-03-15,1.079434213911342,7.662837546003332e-05,21700.57235540348,400.77866607268396,131926.72888537374,146834.9873943756,31926.72888537374,0.10153069628399013
2018-03-16,1.3053276793848338,5.240139910994339e-05,-8128.978783287187,509.45558962493726,131573.9330036631,146834.9873943756,31573.933003663115,0.10393336534789022
2018-03-19,1.4551180870641423,4.216824236040218e-05,-27856.12622603451,582.2855407153947,129716.16394695846,146834.9873943756,29716.163946958462,0.11658545249463392
2018-03-20,1.0526998422612008,8.056990686322549e-05,24294.696466901103,389.61529003032626,129853.16699481741,146834.9873943756,29853.16699481741,0.1156524116009743
2018-03-21,1.3096319677670358,5.205751611541071e-05,-9100.285348123334,513.0008307094778,129615.13927571946,146834.9873943756,29615.139275719455,0.11727346747683752
2018-03-22,1.1498201164456594,6.753395317185283e-05,11594.175532394609,434.4522911511342,126163.5892318602,146834.9873943756,26163.5892318602,0.14077978640741323
2018-03-23,0.5492119015311181,0.00029600707912189365,87297.45865398615,140.76824907699512,123617.77843958704,146834.9873943756,23617.77843958704,0.15811768956965827
2018-03-26,0.7530953655151289,0.00015742801784226064,62070.02230814471,235.8260331845269,124596.93674669016,146834.9873943756,24596.93674669016,0.151449263164763
2018-03-27,0.6184767392207511,0.0002334184797774334,78827.24253457725,171.50225474716336,123548.17048244757,146834.9873943756,23548.170482447575,0.15859174523155928
2018-03-28,0.712348915658907,0.00017595290530317268,67218.54869514736,216.13467983140305,123381.14524933745,146834.9873943756,23381.145249337453,0.15972924819372128
2018-03-29,0.5946289930968759,0.00025251653167350746,81729.24402502524,160.99889854466,124141.18386864502,146834.9873943756,24141.18386864502,0.15455310705192227
2018-04-02,0.8397028543981706,0.0001266282830609438,51276.73579847303,279.14024398269527,123160.93142889671,146834.9873943756,23160.931428896714,0.16122898490054088
2018-04-03,0.7214798666687161,0.0001715274157870122,65823.43124203061,223.2952960094408,124043.21377057211,146834.9873943756,24043.21377057211,0.1552203192730108
2018-04-04,0.5930419014311445,0.0002538699036551053,81740.23547872894,162.89701722325003,124709.21068187783,146834.9873943756,24709.210681877827,0.1506846365782798
2018-04-05,0.6723689443721917,0.00019749981155518743,71838.0755759834,200.14545621156068,124994.70729121179,146834.9873943756,24994.707291211787,0.14874030018815798
2018-04-06,0.749144511557265,0.0001590928907483562,62232.46885306632,237.09786109186487,123806.78337862363,146834.9873943756,23806.78337862363,0.15683049676642705
2018-04-09,0.7435381919846721,0.00016150107416470827,62925.91509749892,234.43673931570663,124074.04981321467,146834.9873943756,24074.049813214675,0.1550103145378332
2018-04-10,0.8513057680261122,0.00012320003335158675,49542.12104480529,284.8768147542937,125060.115868021,146834.9873943756,25060.115868021006,0.14829484384311442
2018-04-11,0.8317292779746259,0.00012906782701577928,51988.04687241245,275.59298739041657,124664.6735771392,146834.9873943756,24664.673577139198,0.15098795056038278
2018-04-12,0.91434802228608,0.00010679696664835543,41678.676054225354,314.3279523037339,125258.5728701739,146834.9873943756,25258.5728701739,0.1469432790309769
2018-04-13,1.0149399599993314,8.667648155205293e-05,29066.767312167336,361.8554034002874,124998.25330761753,146834.9873943756,24998.25330761753,0.148716150518732
2018-04-16,1.0259075752630025,8.483313254631831e-05,27694.539901720087,366.98287750324903,125814.75185976378,146834.9873943756,25814.751859763783,0.14315549657218132
2018-04-17,1.1502691225357449,6.748123987656395e-05,12033.237123827575,424.905052792985,126812.8390347966,146834.9873943756,26812.839034796605,0.1363581576494618
2018-04-18,1.3379690924611611,4.987579312864199e-05,-11792.0267381388,512.9428013338289,126892.31845848855,146834.9873943756,26892.318458488546,0.13581687368776899
2018-04-19,1.3624611559910829,4.809874210526433e-05,-14902.823678118986,524.5017507337038,126119.96204165195,146834.9873943756,26119.962041651946,0.14107690353857133
2018-04-20,1.2628731506530908,5.598381851779634e-05,-2354.6582922719285,477.4004402520741,124948.94310534616,146834.9873943756,24948.94310534616,0.14905197104179937
2018-04-23,1.168198891862295,6.542570294233157e-05,9463.611834001256,433.0239216070954,124894.79861680468,146834.9873943756,24894.798616804677,0.1494207148235253
2018-04-24,1.2500918158433123,5.713446347628579e-05,-774.0541539296058,471.907742504109,123356.55843435123,146834.9873943756,23356.55843435123,0.15989669340158708
2018-04-25,0.88290033431054,0.00011454037873443121,44478.62075772124,300.09316355522833,123592.1814657861,146834.9873943756,23592.181465786096,0.15829201432873083
2018-04-26,0.899231590686321,0.00011041774312249373,42458.29922820041,307.6743519625292,124373.5186947042,146834.9873943756,24373.518694704195,0.15297082186102862
2018-04-27,1.1349414804378146,6.93162467561136e-05,13114.527619578777,417.64534895980603,124450.42474528386,146834.9873943756,24450.42474528386,0.152447063511984
2018-04-30,1.2278741845826684,5.9220795931549556e-05,1538.0837665755007,461.3663428113724,123583.32243046783,146834.9873943756,23583.32243046783,0.15835234760130756
2018-05-01,1.1653551595184195,6.574539980411585e-05,9257.09158891827,432.20605887208507,123774.40894766591,146834.9873943756,23774.408947665914,0.1570509784890206
2018-05-02,1.1765060909944074,6.450503533124301e-05,7875.587637932464,437.4505774443248,122999.45610395542,146834.9873943756,22999.456103955425,0.16232869095702449
2018-05-03,1.2101645645055292,6.0966759688656965e-05,3731.7015651140146,453.2165012615203,122741.82263137662,146834.9873943756,22741.82263137662,0.16408326918902882
2018-05-04,0.9582663011169451,9.72320731515117e-05,34620.93687158505,336.94675108856086,124221.81692105517,146834.9873943756,24221.81692105517,0.1540039664564756
2018-05-07,1.1589505336669155,6.647405586401676e-05,9668.01900934436,430.3431245141748,124535.2058046679,146834.9873943756,24535.2058046679,0.15186967347103736
2018-05-08,1.3236515092309158,5.0960614824940274e-05,-10862.437754281127,507.1952729202311,124502.90863539933,146834.9873943756,24502.908635399333,0.15208962901325307
2018-05-09,1.2018454951143105,6.181369393682555e-05,4288.434352476567,450.917382814461,125797.14149948939,146834.9873943756,25797.141499489386,0.1432754295703509
2018-05-10,1.3504410353170369,4.8958795531566154e-05,-14422.129872412423,519.641258539003,126920.2924501964,146834.9873943756,26920.2924501964,0.1356263605668551
2018-05-11,1.4368370195707407,4.324809272797875e-05,-25397.905052976916,559.8606085536842,127242.49126309954,146834.9873943756,27242.49126309954,0.1334320687388607
2018-05-14,1.5363439226662048,3.7827277349587384e-05,-38071.390384094535,606.2482482230107,127404.06896837623,146834.9873943756,27404.068968376232,0.1323316654348258
2018-05-15,1.6105831615197952,3.4420380646782404e-05,-47538.72704276669,641.1461602883267,126231.11678017845,146834.9873943756,26231.116780178447,0.14031989909093273
2018-05-16,1.3469589687468346,4.92122526048359e-05,-14292.60331410037,518.8695618536257,126917.74794436384,146834.9873943756,26917.747944363844,0.1356436895827641
2018-05-17,1.5715860442195526,3.614977929464884e-05,-42828.72267838918,623.6788061693715,126818.14938774153,146834.9873943756,26818.149387741534,0.136321992202526
2018-05-18,1.5464231999785119,3.7335783051930603e-05,-39640.64738498398,611.9182646348363,126397.25454103248,146834.9873943756,26397.254541032482,0.1391884401396147
2018-05-21,1.5387658979639156,3.770829286945174e-05,-38673.71424352218,608.3776517001111,127632.40062522021,146834.9873943756,27632.40062522021,0.13077664329129055
2018-05-22,1.6122515153478807,3.43491812570428e-05,-48061.74091762584,642.7864335554999,127148.98514093232,146834.9873943756,27148.985140932316,0.1340688796503915
2018-05-23,1.720545538133829,3.0161270661565044e-05,-61844.25077760756,693.1558050814989,127643.75165752182,146834.9873943756,27643.751657521818,0.1306993386072841
2018-05-24,1.4438584396587164,4.282848832805422e-05,-26560.256099666294,563.7122510403115,127242.99447417227,146834.9873943756,27242.994474172272,0.13342864168729987
2018-05-25,1.4502798727652007,4.2450062864623245e-05,-27378.120572414628,566.7139129090328,126887.0736605532,146834.9873943756,26887.0736605532,0.13585259268109895
2018-05-29,1.6188880839847226,3.4068132253990074e-05,-48792.55850177422,646.2108009767558,125115.6922570903,146834.9873943756,25115.692257090297,0.14791634829477468
2018-05-30,1.1710908550808425,6.510296947746065e-05,7180.957121133236,440.6769945821129,127305.09907427139,146834.9873943756,27305.09907427139,0.13300568663277793
2018-05-31,0.9061175836327711,0.00010874589225454313,40881.53043806311,316.1156837969479,126488.81876711457,146834.9873943756,26488.81876711457,0.13856485425108145
2018-06-01,1.2262868821669062,5.9374205629288944e-05,345.4236213482216,464.12868177610954,127335.67224210956,146834.9873943756,27335.672242109562,0.1327974721712201
2018-06-04,1.4394296716277335,4.3092439028644094e-05,-26820.91456401835,562.8615581250232,127904.09914896928,146834.9873943756,27904.099148969282,0.12892627691355976
2018-06-05,1.5664741204424513,3.638610166652876e-05,-43085.791968440375,621.9098730257239,128057.58598950857,146834.9873943756,28057.585989508574,0.12788097535932563
2018-06-06,1.503011006407581,3.952370558453017e-05,-34966.55163262008,592.6162379369362,129442.97125822413,146834.9873943756,29442.971258224134,0.11844599468272003
2018-06-07,0.9818901662136194,9.260963153618696e-05,32425.134473091333,349.41967760492986,129343.67045037073,146834.9873943756,29343.67045037073,0.11912226952440132
2018-06-08,1.3998948423730697,4.556077997944278e-05,-21692.225175699616,543.7488382687279,129589.57660742589,146834.9873943756,29589.576607425886,0.11744755860285036
2018-06-11,1.5306536457074251,3.8109049495780105e-05,-38653.230355618856,604.5750927083603,129769.29897107616,146834.9873943756,29769.29897107616,0.11622358353505832
2018-06-12,1.6658777741556998,3.21733074721215e-05,-56217.77406672072,667.4776999876641,129988.47989883795,146834.9873943756,29988.479898837948,0.11473088120538058
2018-06-13,1.6353701880417757,3.338488036572802e-05,-52255.90606328677,653.2133399130917,129343.93456595184,146834.9873943756,29343.934565951844,0.11912047080063798
2018-06-14,1.6458152070354155,3.296247669217146e-05,-53608.202324746024,658.0611935561715,129780.29109548783,146834.9873943756,29780.29109548783,0.11614872314512859
2018-06-15,1.7038157846258266,3.0756485137064745e-05,-61142.66998072229,685.2327339791942,128687.35431353386,146834.9873943756,28687.354313533855,0.12359202260221588
2018-06-18,1.4553120949728546,4.215700019834052e-05,-29193.61877932825,569.6129271944498,128355.6207533846,146834.9873943756,28355.620753384603,0.1258512495482997
2018-06-19,1.5317193600199956,3.805603817804045e-05,-39010.20296007328,605.2137037851066,127714.06815864792,146834.9873943756,27714.06815864792,0.13022045750153483
2018-06-20,1.434436984624028,4.339293529576249e-05,-26597.625808748777,560.1996538522933,128023.08065102268,146834.9873943756,28023.080651022683,0.1281159693420146
2018-06-21,1.761344511330628,2.8780170108267125e-05,-68488.90951584202,712.8094432957932,126991.95221359633,146834.9873943756,26991.952213596334,0.13513833135343972
2018-06-22,1.4122606285386308,4.47664105800353e-05,-24199.967274753566,551.465565868009,127320.71160314059,146834.9873943756,27320.71160314059,0.13289935959760568
2018-06-25,1.6213038847768924,3.396668242051919e-05,-50840.67373869509,649.6525144056308,125260.63334123924,146834.9873943756,25260.63334123924,0.14692924646897035
2018-06-26,1.0829565573756559,7.613071466516145e-05,16529.329348039122,401.350992983426,125528.23202247795,146834.9873943756,25528.232022477954,0.14510680151911665
2018-06-27,1.3557175656682907,4.857843629666653e-05,-17742.240344049933,528.2568756210943,124781.4646985213,146834.9873943756,24781.464698521304,0.1501925602828025
2018-06-28,0.9523747783102479,9.843877630858947e-05,32539.903385965838,342.47671327152875,125320.2697783557,146834.9873943756,25320.269778355694,0.14652310050761116
2018-06-29,1.0742494882190925,7.736983424186153e-05,17252.09932974072,398.765397302395,125453.10223377257,146834.9873943756,25453.102233772574,0.14561846287475522
2018-07-02,1.276148665950146,5.482510040520885e-05,-8100.717657883944,491.94108220825314,125628.54612960757,146834.9873943756,25628.546129607566,0.14442362573853662
2018-07-03,1.0516365597232835,8.07329135272627e-05,20077.759033787475,387.81700699496037,125129.62988858233,146834.9873943756,25129.629888582334,0.14782142792368763
2018-07-05,1.432774064825425,4.349371998737506e-05,-27658.91470268506,562.4986967982298,125914.47949716766,146834.9873943756,25914.47949716766,0.14247631486505846
2018-07-06,1.3872344869902968,4.6396179871311396e-05,-21930.249313779026,541.6747127786522,127225.29959695064,146834.9873943756,27225.299596950645,0.13354915027680997
2018-07-09,1.3449141375576574,4.936201272198697e-05,-16551.124421171324,522.3000487426134,128596.05912440093,146834.9873943756,28596.059124400927,0.12421377625066837
2018-07-10,1.6783284305353572,3.169772361793995e-05,-59467.42833139388,676.0813483110672,129030.81239121479,146834.9873943756,29030.812391214786,0.12125294740102793
2018-07-11,1.3674741681991693,4.7746738933536735e-05,-19395.56126058355,531.2336432642646,127708.34689572398,146834.9873943756,27708.346895723982,0.1302594213958046
2018-07-12,1.4936754120063125,4.001930235316279e-05,-35527.757217206025,588.940515056289,128957.43923286494,146834.9873943756,28957.43923286494,0.12175264546108752
2018-07-13,1.556159779342215,3.6870039655961204e-05,-43593.21207840679,617.7637515841316,129108.82231445302,146834.9873943756,29108.82231445302,0.12072167127520438
2018-07-16,1.7208328047043546,3.0151201581554383e-05,-64874.06818286138,693.8607499429271,128983.68674369302,146834.9873943756,28983.68674369302,0.12157389030678917
2018-07-17,1.7357349987536108,2.963569634902529e-05,-66798.04965930097,700.7150092199053,129703.46037623705,146834.9873943756,29703.460376237053,0.11667196846025517
2018-07-18,1.7114093642597326,3.0484155575870788e-05,-63645.93608284725,689.4892247977051,130141.90543879574,146834.9873943756,30141.905438795744,0.11368599713054002
2018-07-19,1.8345387534092366,2.652944695583795e-05,-79685.40216461469,746.7270206236497,129368.29452918224,146834.9873943756,29368.29452918224,0.11895457053624821
2018-07-20,1.6938291777381953,3.112022712256057e-05,-61499.26944755714,681.6499513097374,129171.85493280264,146834.9873943756,29171.854932802642,0.12029239607677822
2018-07-23,1.7422429437430507,2.941470849508546e-05,-67758.90042239653,703.965452163041,129520.3778917741,146834.9873943756,29520.3778917741,0.11791882718045393
2018-07-24,1.8568950943083657,2.5894482708698235e-05,-82622.75441855312,756.7084458313919,130428.5085052753,146834.9873943756,30428.5085052753,0.11173412536233683
2018-07-25,1.6249702592098032,3.381357920724902e-05,-52401.74962822541,650.2482138076099,132359.77784306888,146834.9873943756,32359.777843068878,0.09858147440315845
2018-07-26,1.4662889380970408,4.152817642778268e-05,-31418.584794612376,576.1111703542745,131793.7097667536,146834.9873943756,31793.7097667536,0.10243660516157169
2018-07-27,1.7169607545818901,3.028734750799867e-05,-64486.797478810746,693.4883061053906,130702.4211576125,146834.9873943756,30702.421157612494,0.10986867995863675
2018-07-30,1.4749813705376804,4.1040146951469636e-05,-32889.40634432575,580.4933387427399,129590.67916976713,146834.9873943756,29590.67916976713,0.11744004974981194
2018-07-31,1.5332242223415287,3.7981370699838984e-05,-40444.28492694132,607.3354409584829,130332.36771617449,146834.9873943756,30332.367716174485,0.11238887931987009
2018-08-01,1.4097365549182712,4.492685881536149e-05,-24365.06328396839,550.0374236598227,130134.94864783919,146834.9873943756,30134.948647839192,0.11373337542286668
2018-08-02,1.673949083900035,3.1863794262876846e-05,-58780.861488012175,671.7955733505255,130927.4904704427,146834.9873943756,30927.490470442703,0.10833587557172515
2018-08-03,1.6158994046312665,3.419426991127664e-05,-51187.764140933694,644.9981019829423,131746.5975434684,146834.9873943756,31746.597543468408,0.10275745664336912
2018-08-06,1.73935932319982,2.951232049194471e-05,-67468.58476115354,702.1379326735929,132401.99915371143,146834.9873943756,32401.999153711426,0.09829393182633955
2018-08-07,1.8799769667659822,2.5262534555540992e-05,-86104.26869820654,767.3317737144358,133030.33923916204,146834.9873943756,33030.339239162044,0.09401470589660256
2018-08-08,1.8696437497565732,2.5542550065028534e-05,-84730.96858696197,762.515940740103,132921.58153789304,146834.9873943756,32921.58153789304,0.094755385643296
2018-08-09,1.8987457427957637,2.476557131057247e-05,-88602.9407539784,776.0845785059803,132651.0117322915,146834.9873943756,32651.01173229149,0.0965980650373756
2018-08-10,1.9331044764895298,2.389303527509783e-05,-93165.00392269956,792.1804987853927,131148.82611337228,146834.9873943756,31148.826113372284,0.1068284988432135
2018-08-13,1.5492002433529695,3.7202049327036956e-05,-42864.01012674038,613.6900368036347,130245.67545482889,146834.9873943756,30245.675454828888,0.11297928534559987
2018-08-14,1.5167305954337664,3.8811915973441374e-05,-38638.99011319411,598.7896378711525,131309.4849073964,146834.9873943756,31309.4849073964,0.10573435366109414
2018-08-15,1.6709275393593745,3.197913729379817e-05,-58905.6677678132,670.6530674405094,130050.83398355031,146834.9873943756,30050.833983550314,0.11430622706934082
2018-08-16,1.3492550990264325,4.904489864044944e-05,-17111.43807089868,523.3925452818818,131573.9161927783,146834.9873943756,31573.9161927783,0.10393347983616794
2018-08-17,0.8663611737845551,0.00011895535989680297,46364.76779233791,300.4739962334763,132005.86619880333,146834.9873943756,32005.866198803327,0.10099174221838289
2018-08-20,1.4381735905106348,4.316774459184275e-05,-29189.167733273123,564.6947795335227,132132.83688386364,146834.9873943756,32132.836883863638,0.10012702538683314
2018-08-21,1.4564212849981963,4.209281228970115e-05,-31602.57796654553,573.1173164365567,132463.71620974757,146834.9873943756,32463.716209747567,0.09787361608871241
2018-08-22,1.5499380165945915,3.716664127342464e-05,-44001.87489294563,616.398731464152,132417.6060394093,146834.9873943756,32417.606039409293,0.09818764322322926
2018-08-23,1.5829740057833983,3.5631525041145724e-05,-48380.573943510826,631.7055882524427,132154.56612315477,146834.9873943756,32154.56612315477,0.0999790413152115
2018-08-24,1.7205956382821916,3.015951422082845e-05,-66585.1136341671,694.9614561295931,133230.2042322135,146834.9873943756,33230.204232213495,0.09265355215117643
2018-08-27,1.8671444268873272,2.561097734410312e-05,-86128.32283538026,762.3508360206838,134747.58488489245,146834.9873943756,34747.58488489245,0.08231963460464843
2018-08-28,1.9426399908428502,2.3659051397083358e-05,-96310.81842452794,797.4490366197383,134821.4116248187,146834.9873943756,34821.41162481869,0.08181684748806052
2018-08-29,1.896896431177384,2.4813883472676243e-05,-90149.47010187045,776.2885930210343,136099.84033411,146834.9873943756,36099.84033410999,0.07311028012303844
2018-08-30,1.9378343411489036,2.3776541411418848e-05,-95726.41522596075,795.4799784258842,135217.33211064193,146834.9873943756,35217.33211064193,0.07912048408824042
2018-08-31,1.6509797734339635,3.275657394737883e-05,-56975.38223000714,661.8536672322862,135140.88175750856,146834.9873943756,35140.881757508556,0.07964113897090842
2018-09-04,1.694736470454734,3.1086915043753395e-05,-62894.31331741144,682.255677369545,134850.67221137747,146834.9873943756,34850.672211377474,0.08161757218536858
2018-09-05,1.564768679769177,3.646545928024377e-05,-45384.64932068568,621.6259200797018,134308.75539675372,146834.9873943756,34308.755396753724,0.08530822401324831
2018-09-06,1.445823755354472,4.271213349206872e-05,-29424.412669960624,566.1867725266063,133727.96770130628,146834.9873943756,33727.967701306276,0.0892636007647547
2018-09-07,1.4304637332720802,4.363432622232671e-05,-27372.299864548015,559.0429456670597,133369.31830310164,146834.9873943756,33369.31830310164,0.0917061344181364
2018-09-10,1.350994497993128,4.891868979369798e-05,-16783.56447971617,522.253200326289,133672.3600022844,146834.9873943756,33672.360002284404,0.08964230954532973
2018-09-11,1.6751722185212483,3.181728026141535e-05,-60158.139144367575,672.1290380572572,134174.52962912718,146834.9873943756,34174.52962912718,0.08622235061214965
2018-09-12,1.6235750442816355,3.3871719397881545e-05,-53241.67562921826,648.1888396210162,134201.5730123872,146834.9873943756,34201.573012387205,0.08603817527533167
2018-09-13,1.5457440872301895,3.7368596732115156e-05,-42806.52600892469,612.270556039986,135241.75168750325,146834.9873943756,35241.751687503245,0.07895417783320785
2018-09-14,1.7000496072826714,3.089290784248098e-05,-63694.82050845389,684.0035026471247,135295.47848164762,146834.9873943756,35295.47848164762,0.078588278703186
2018-09-17,1.7659212865798748,2.8631183083764082e-05,-72615.4112303936,714.7987354353237,134247.34280458908,146834.9873943756,34247.342804589076,0.08572646624048877
2018-09-18,1.6699245727921108,3.201756254724613e-05,-59740.30939950522,670.500290007096,135321.63496935915,146834.9873943756,35321.63496935915,0.07841014344962223
2018-09-19,1.701168621281041,3.0852279034609616e-05,-63972.32558244556,685.0170135249809,135538.87960670513,146834.9873943756,35538.87960670513,0.07693062796628243
2018-09-20,1.805724982160584,2.738285736706386e-05,-78157.20024223322,733.2964125961751,137087.29574712203,146834.9873943756,37087.29574712203,0.06638534739048821
2018-09-21,1.8325843877158705,2.658606196162585e-05,-81842.79524229615,745.9045596751691,135991.17236524026,146834.9873943756,35991.17236524026,0.07385034875925434
2018-09-24,1.8143663433822643,2.7122643469033135e-05,-79367.67478500606,737.3931772128598,135272.73123811313,146834.9873943756,35272.731238113134,0.07874319575625446
2018-09-25,1.8209145011628158,2.6927923716240126e-05,-80254.3308281829,740.4402607613747,134991.65297514873,146834.9873943756,34991.652975148725,0.08065744159065821
2018-09-26,1.873225796273162,2.5444956787046752e-05,-87322.62671999316,764.806949383781,134322.2512461735,146834.9873943756,34322.25124617349,0.08521631233974834
2018-09-27,1.6571976487922753,3.251122699904993e-05,-58332.68396924397,664.981068338738,134964.01297546044,146834.9873943756,34964.01297546044,0.08084568010369084
2018-09-28,1.7932194963621242,2.7766112142016334e-05,-76708.11695231531,728.1605238928668,134873.48647523497,146834.9873943756,34873.48647523497,0.08146219869937359
2018-10-01,1.7387498824819545,2.9533012555894665e-05,-69368.58029080101,702.9753791174868,135689.33779776987,146834.9873943756,35689.33779776987,0.07590595262333687
2018-10-02,1.8185444839411142,2.6998157059417092e-05,-80206.12063485319,740.1046841201628,135615.80630142748,146834.9873943756,35615.80630142748,0.07640672902307118
2018-10-03,1.6963604241250954,3.102742350572173e-05,-63651.71492488211,683.3111216402779,135711.13792488535,146834.9873943756,35711.13792488535,0.07575748577968926
2018-10-04,1.7518061822252347,2.9094430993215837e-05,-71183.46087191957,709.3001622401391,134180.2151014679,146834.9873943756,34180.21510146791,0.08618363046484948
2018-10-05,1.3781596138890946,4.700920853038048e-05,-21094.870858212005,535.1019866685168,132912.83192485382,146834.9873943756,32912.83192485382,0.0948149737101082
2018-10-08,1.293603230111348,5.335557378645887e-05,-9866.866865555608,496.05185315487864,132896.85647241847,146834.9873943756,32896.85647241847,0.09492377238758172
2018-10-09,1.3193791868603297,5.1291183444042435e-05,-13295.652950613425,507.967616423658,132734.8774188598,146834.9873943756,32734.877418859804,0.09602690902029457
2018-10-10,1.2754520933461853,5.488500087745749e-05,-7470.508554726801,487.0143790176611,128050.98269451775,146834.9873943756,28050.98269451775,0.12792594621476003
2018-10-11,0.8428270466572055,0.00012569125125248858,47875.20663564905,283.74857448700334,125208.04312633694,146834.9873943756,25208.04312633694,0.14728740507841032
2018-10-12,0.5476027859274225,0.000297749252220238,84804.73436167144,149.8242530153334,126157.72643643362,146834.9873943756,26157.726436433615,0.14081971418982137
2018-10-15,0.700194775193504,0.00018211438258575766,65535.889799331446,219.9567111676214,125911.80744773184,146834.9873943756,25911.807447731844,0.14249451249958162
2018-10-16,0.8722310427956811,0.00011735967520825428,43854.02617754282,297.2525911289109,127156.09231550882,146834.9873943756,27156.092315508824,0.1340204771905784
2018-10-17,0.9698194619163454,9.492928004163475e-05,31433.340434787755,341.5039356500997,127197.87406978873,146834.9873943756,27197.874069788726,0.13373592815344953
2018-10-18,0.8624261285961771,0.00012004336640179076,45080.639232503665,292.08028180012826,125808.70831924112,146834.9873943756,25808.708319241123,0.14319665529483935
2018-10-19,0.8648429219044099,0.00011937338430719205,44776.30218472355,293.18120864009285,125747.00043258182,146834.9873943756,25747.000432581815,0.14361690858565465
2018-10-22,0.939917872215599,0.00010106532154073643,35326.93436317908,327.5063724740642,125401.01198472096,146834.9873943756,25401.011984720957,0.14597321653378412
2018-10-23,0.9763278406917254,9.366786684994418e-05,30756.775508616844,344.19929033468884,124902.16540096093,146834.9873943756,24902.165400960934,0.14937054432746724
2018-10-24,0.8242836838452327,0.00013141004699847715,49729.47829893525,272.5932256060199,122023.92766190779,146834.9873943756,22023.927661907786,0.16897239665250374
2018-10-25,0.673562711427289,0.0001968003671356672,68103.66949907514,204.4788408222728,123315.00130949702,146834.9873943756,23315.00130949702,0.16017971263012146
2018-10-26,0.7450118737407118,0.00016086278689956743,59284.595120406,237.6993880820654,122327.22682753138,146834.9873943756,22327.226827531384,0.1669068183390124
2018-10-29,0.5905680592871504,0.0002560012395747372,78159.43216539983,166.05206158970708,121945.7002859897,146834.9873943756,21945.700285989704,0.16950515371065622
2018-10-30,0.6069493426247744,0.00024236900869869035,76159.92418382214,173.50923296565816,122639.57751066264,146834.9873943756,22639.57751066264,0.16477959587879365
2018-10-31,0.6157524157440549,0.0002354885136954864,75079.30561682722,177.4975781876613,123126.12505644525,146834.9873943756,23126.12505644525,0.16146602903470203
2018-11-01,0.8324124099290787,0.00012885607097586413,48377.5950756754,275.08145915029047,123576.6135635903,146834.9873943756,23576.613563590305,0.15839803743992556
2018-11-02,0.8344923427170603,0.0001282145361176987,48120.325455337705,276.027121587298,123144.4971027653,146834.9873943756,23144.497102765294,0.1613409086758144
2018-11-05,0.7324796605529723,0.00016641437484744595,60670.76017309214,230.09045415320705,123593.59667036968,146834.9873943756,23593.596670369676,0.1582823762676073
2018-11-06,1.0698424048327728,7.800857806495948e-05,18935.484365628025,381.6511933052798,123931.54415584356,146834.9873943756,23931.544155843556,0.1559808302160099
2018-11-07,1.0366475028736706,8.308445311734352e-05,23045.494362699454,367.0109959462286,126175.58422358969,146834.9873943756,26175.584223589685,0.14069809612403908
2018-11-08,0.8946077124325955,0.00011156210535459915,40950.51542686571,303.11355747682296,125967.80602796501,146834.9873943756,25967.80602796501,0.14211314167491051
2018-11-09,1.0907740896034497,7.504337385271847e-05,16216.517225462783,392.0583712003374,125138.17391234051,146834.9873943756,25138.173912340513,0.14776323999511695
2018-11-12,1.037405441580581,8.296309281573742e-05,22888.663374034804,367.54843501155165,123038.07717176487,146834.9873943756,23038.077171764875,0.16206566735144662
2018-11-13,0.9561508360582369,9.766279723665014e-05,32876.6293777027,330.7986540057456,122867.09521342575,146834.9873943756,22867.095213425753,0.16323011706042428
2018-11-14,0.6982847891839196,0.0001831120031497875,64529.946984924725,213.51843141231063,122211.95123096043,146834.9873943756,22211.951230960432,0.16769188733800608
2018-11-15,0.6917346527720846,0.00018659625041717205,65329.701612105695,210.58628624649504,122821.86362026131,146834.9873943756,22821.863620261312,0.16353816076286257
2018-11-16,0.6888825831072284,0.00018814451765300372,65679.67320811911,209.30657079180446,122973.16083095975,146834.9873943756,22973.16083095975,0.16250777138916325
2018-11-19,0.8513815837649499,0.00012317809234218627,45677.7778665775,283.559750573137,121989.37794082014,146834.9873943756,21989.377940820137,0.169207692896953
2018-11-20,0.805150007942684,0.00013772994505378605,51312.2144111493,262.20914986981666,120574.76134926136,146834.9873943756,20574.76134926136,0.17884174957963817
2018-11-21,0.6658470744623229,0.00020138772018287864,68092.76646220374,198.83361517696466,120789.63949255468,146834.9873943756,20789.639492554677,0.177378350786841
2018-11-23,1.3135461584321175,5.1747729589669e-05,-10216.509045909428,495.9448822754357,120375.6973548583,146834.9873943756,20375.697354858305,0.18019744823113462
2018-11-26,1.1129077310716833,7.208811319567448e-05,13912.659302900884,405.6334340097424,122391.2085601263,146834.9873943756,22391.208560126295,0.16647107932523725
2018-11-27,1.0603692191611473,7.940863899556979e-05,20336.836686423663,381.665891541961,122733.97872821639,146834.9873943756,22733.97872821639,0.1641366890401108
2018-11-28,1.0177775555977833,8.619384182563204e-05,25559.343571088513,362.6126610062223,125045.75324475567,146834.9873943756,25045.753244755673,0.14839265856370792
2018-11-29,0.9625798574895142,9.636258419956552e-05,32455.061750314802,337.4174146571618,124890.56249564429,146834.9873943756,24890.56249564429,0.14944956435888168
2018-11-30,1.066601132987423,7.84834157257948e-05,19451.511218327105,384.5410362123723,125463.70678653498,146834.9873943756,25463.70678653498,0.14554624198959298
2018-12-03,1.1307485354274056,6.98312650180629e-05,11395.735891500904,413.36066985431114,126830.83655501583,146834.9873943756,26830.836555015834,0.13623558795038257
2018-12-04,1.0663210841566557,7.852464547421101e-05,19559.40341950702,383.1399237402658,123156.60739963749,146834.9873943756,23156.60739963749,0.16125843312222124
2018-12-06,1.4607177001965368,4.184556090957542e-05,-29059.058959179125,563.1916314963885,122873.1474696016,146834.9873943756,22873.147469601594,0.16318889898097852
2018-12-07,0.6770501688662253,0.00019477816760121868,67141.64807261388,197.98000992205795,119341.05748866369,146834.9873943756,19341.05748866369,0.1872437243575168
2018-12-10,0.583246658241594,0.00026246866302931854,78325.68703431939,155.58742403917617,119411.65810034465,146834.9873943756,19411.658100344648,0.18676290835491563
2018-12-11,0.5953230578857109,0.000251928075826765,76882.26895153531,161.04750849408666,119416.52641990854,146834.9873943756,19416.526419908536,0.1867297533170716
2018-12-12,0.6865519720069932,0.0001894240594342675,65977.74050151165,202.07579167649044,119634.92546537015,146834.9873943756,19634.92546537015,0.18524237589199627
2018-12-13,0.7929610932753316,0.00014199668939246244,53235.46848385232,250.04567370141015,119592.58937073254,146834.9873943756,19592.589370732545,0.18553070018982792
2018-12-14,0.7850730281168711,0.0001448644637950725,54177.93654591154,246.42532547473266,118388.98360486263,146834.9873943756,18388.98360486263,0.19372769592788877
2018-12-17,0.739033869679864,0.00016347573267323827,59623.32077721385,225.06494152136625,117053.14190522087,146834.9873943756,17053.141905220866,0.2028252667680994
2018-12-18,0.7607149314987413,0.00015429011252519716,57083.091615100915,235.01294985401063,117037.24525235756,146834.9873943756,17037.245252357563,0.20293352879164972
2018-12-19,0.7276790075077326,0.0001686173597239615,60945.87731050388,219.61128661996855,116077.09470358078,146834.9873943756,16077.094703580777,0.2094725054062489
2018-12-20,0.4393018294512898,0.0004626536082519245,94388.2384950589,84.14940726417927,115182.39852411025,146834.9873943756,15182.39852411025,0.21556571381214137
2018-12-21,0.4676053138645999,0.0004083411068567626,91125.10329242784,97.69856657308092,114632.35539557684,146834.9873943756,14632.355395576844,0.21931170881165793
2018-12-24,0.470249506062911,0.00040376184962666317,90821.71620995215,98.9918634106071,114022.43923749615,146834.9873943756,14022.439237496146,0.2234654610535712
2018-12-26,0.5336130113046565,0.0003135661372784211,83590.03579243744,128.37202735832648,115157.93685410982,146834.9873943756,15157.936854109823,0.21573230673685576
2018-12-27,0.4681845322812368,0.0004073313666046849,91117.53321716013,98.01624533568669,115446.14547193093,146834.9873943756,15446.145471930926,0.2137695005764478
2018-12-28,0.42059133653224756,0.0005047325718369782,96606.80137148006,75.83705428126495,115393.91482857784,146834.9873943756,15393.914828577836,0.21412521037204854
